Permit Number,Permit Type,Permit Type Definition,Permit Creation Date,Block,Lot,Street Number,Street Number Suffix,Street Name,Street Suffix,Unit,Unit Suffix,Description,Current Status,Current Status Date,Filed Date,Issued Date,Completed Date,First Construction Document Date,Structural Notification,Number of Existing Stories,Number of Proposed Stories,Voluntary Soft-Story Retrofit,Fire Only Permit,Permit Expiration Date,Estimated Cost,Revised Cost,Existing Use,Existing Units,Proposed Use,Proposed Units,Plansets,TIDF Compliance,Existing Construction Type,Existing Construction Type Description,Proposed Construction Type,Proposed Construction Type Description,Site Permit,Supervisor District,Neighborhoods - Analysis Boundaries,Zipcode,Location,Record ID
201505065519,4,sign - erect,5/6/2015,326,23,140,,Ellis,St,,,"ground fl facade: to erect illuminated, electric, wall, single faced sign. n/a for maher ordinance 155-13.",expired,12/21/2017,5/6/2015,11/9/2015,,11/9/2015,,6,,,,11/3/2016,4000,4000,tourist hotel/motel,143,,,2,,3,constr type 3,,,,3,Tenderloin,94102,"(37.785719256680785, -122.40852313194863)",1380611233945
201604195146,4,sign - erect,4/19/2016,306,7,440,,Geary,St,0,,remove (e) awning and associated signs.,issued,8/3/2017,4/19/2016,8/3/2017,,8/3/2017,,7,,,,12/3/2017,1,500,tourist hotel/motel,,,,2,,3,constr type 3,,,,3,Tenderloin,94102,"(37.78733980600732, -122.41063199757738)",1420164406718
201605278609,3,additions alterations or repairs,5/27/2016,595,203,1647,,Pacific,Av,,,installation of separating wall,withdrawn,9/26/2017,5/27/2016,,,,,6,6,,,,20000,,retail sales,39,retail sales,39,2,,1,constr type 1,1,constr type 1,,3,Russian Hill,94109,"(37.7946573324287, -122.42232562979227)",1424856504716
201611072166,8,otc alterations permit,11/7/2016,156,11,1230,,Pacific,Av,0,,repair dryrot & stucco at front of bldg.,complete,7/24/2017,11/7/2016,7/18/2017,7/24/2017,7/18/2017,,2,2,,,7/13/2018,2000,2000,1 family dwelling,1,1 family dwelling,1,2,,5,wood frame (5),5,wood frame (5),,3,Nob Hill,94109,"(37.79595867909168, -122.41557405519474)",1443574295566
201611283529,6,demolitions,11/28/2016,342,1,950,,Market,St,,,demolish retail/office/commercial 3-story building,issued,12/1/2017,11/28/2016,12/1/2017,,11/20/2017,,3,,,,12/1/2018,100000,100000,retail sales,,,,2,,3,constr type 3,,,,6,Tenderloin,94102,"(37.78315261897309, -122.40950883997789)",144548169992
201706149344,8,otc alterations permit,6/14/2017,4105,9,800,,Indiana,St,,,evac maps,issued,7/6/2017,6/14/2017,7/6/2017,,7/6/2017,,5,5,,Y,7/1/2018,4000,4000,apartments,326,apartments,326,2,,1,constr type 1,1,constr type 1,,10,Potrero Hill,94107,"(37.75922331346539, -122.39170402628598)",1466911170855
201706300814,8,otc alterations permit,6/30/2017,1739,20,1291,,11th,Av,0,,re-roofing,complete,7/12/2017,6/30/2017,6/30/2017,7/12/2017,6/30/2017,,3,3,,,6/25/2018,12000,12000,apartments,5,apartments,5,0,,5,wood frame (5),5,wood frame (5),,5,Inner Sunset,94122,"(37.764145640138565, -122.46875112470363)",1468970403692
M803667,8,otc alterations permit,6/30/2017,4789,14,1465,,Revere,Av,,,streetspace,issued,6/30/2017,6/30/2017,6/30/2017,,6/30/2017,,,,,,,,0,,,,,,,,,,,,10,Bayview Hunters Point,94124,"(37.73005099023611, -122.38784938916618)",1469035175050
M804227,8,otc alterations permit,7/5/2017,1212,54,2094,,Fell,St,,,street space permit,issued,7/5/2017,7/5/2017,7/5/2017,,7/5/2017,,,,,,,,1,,,,,,,,,,,,5,Lone Mountain/USF,94117,"(37.772393498502595, -122.45231466824669)",1469198253772
M804767,8,otc alterations permit,7/6/2017,1259,16,89,,Alpine,Tr,,,street space,issued,7/6/2017,7/6/2017,7/6/2017,,7/6/2017,,,,,,,,0,,,,,,,,,,,,8,Haight Ashbury,94117,"(37.7691724293766, -122.43734859051908)",146932394171
M805287,8,otc alterations permit,7/6/2017,3541,1,106,,Sanchez,St,,,street space,issued,7/6/2017,7/6/2017,7/6/2017,,7/6/2017,,,,,,,,1,,,,,,,,,,,,8,Castro/Upper Market,94114,"(37.767349757757145, -122.43140682973024)",1469445246849
M805907,8,otc alterations permit,7/7/2017,829,21,675,,Fell,St,,,street space,issued,7/7/2017,7/7/2017,7/7/2017,,7/7/2017,,,,,,,,1,,,,,,,,,,,,5,Hayes Valley,94102,"(37.774914087334544, -122.42886839796792)",146961582526
M806447,8,otc alterations permit,7/10/2017,6537,23,4082,,25th,St,,,street space,issued,7/10/2017,7/10/2017,7/10/2017,,7/10/2017,,,,,,,,1,,,,,,,,,,,,8,Noe Valley,94114,"(37.75006779619502, -122.43127350268124)",1469781206718
201707252846,8,otc alterations permit,7/25/2017,6589,002R,681,,27th,St,,,remove and replace landscape wall,filed,7/25/2017,7/25/2017,,,,,2,2,,,,30000,0,1 family dwelling,1,1 family dwelling,1,2,,5,wood frame (5),5,wood frame (5),,8,Noe Valley,94131,"(37.7462205625642, -122.4353484860549)",1471799208305
M813729,8,otc alterations permit,7/26/2017,1049,27,2761,,Pine,St,,,street space,issued,7/26/2017,7/26/2017,7/26/2017,,7/26/2017,,,,,,,,1,,,,,,,,,,,,2,Pacific Heights,94115,"(37.78676200041077, -122.44124093333335)",147203988249
M813907,8,otc alterations permit,7/27/2017,243,43,840,,Powell,St,301,,street space,issued,7/27/2017,7/27/2017,7/27/2017,,7/27/2017,,,,,,,,1,,,,,,,,,,,,3,Chinatown,94108,"(37.7926690651263, -122.40883941791454)",147208763456
M813967,8,otc alterations permit,7/27/2017,268,8,220,,Montgomery,St,,,street space permit,issued,7/27/2017,7/27/2017,7/27/2017,,7/27/2017,,,,,,,,1,,,,,,,,,,,,3,Financial District/South Beach,94104,"(37.79130641988351, -122.40198579459195)",147211866168
M814148,8,otc alterations permit,7/27/2017,3621,97,3707,,21st,St,0,,street space & sidewalk repair,issued,7/27/2017,7/27/2017,7/27/2017,,7/27/2017,,,,,,,,1,,,,,,,,,,,,8,Noe Valley,94114,"(37.75607840165479, -122.43041143390109)",1472184412108
201707283165,8,otc alterations permit,7/28/2017,472,42,1307,,Bay,St,1,,soft story ordinance sf building code chptr 34b and fema p807,filed,7/28/2017,7/28/2017,,,,,4,4,,,,75000,0,apartments,6,apartments,6,2,,5,wood frame (5),5,wood frame (5),,2,Marina,94123,"(37.8035183252307, -122.42863180996076)",1472277302360
M814368,8,otc alterations permit,7/28/2017,2659,1,263,,Corbett,Av,0,,street space,issued,7/28/2017,7/28/2017,7/28/2017,,7/28/2017,,,,,,,,1,,,,,,,,,,,,8,Castro/Upper Market,94114,"(37.761092365437214, -122.44402154957145)",1472295408612
M814967,8,otc alterations permit,7/31/2017,1176,68,1624,,Fulton,St,,,street space,issued,7/31/2017,7/31/2017,7/31/2017,,7/31/2017,,,,,,,,1,,,,,,,,,,,,5,Lone Mountain/USF,94117,"(37.77640228859421, -122.44361679686382)",1472619503582
201708013476,8,otc alterations permit,8/1/2017,6529,10,3410,,26th,St,,,repair fire damage to comply with nov #201551241.,filed,8/1/2017,8/1/2017,,,,,2,2,,,,100000,0,2 family dwelling,2,2 family dwelling,2,2,,5,wood frame (5),5,wood frame (5),,9,Mission,94110,"(37.74914175355125, -122.41849211166853)",1472727381751
201708013544,3,additions alterations or repairs,8/1/2017,74,43,2150,,Taylor,St,,,"soft story retrofit per sfebc chapter 4d, asce 41-06.",filed,8/1/2017,8/1/2017,,,,,3,3,,,,100000,,apartments,6,apartments,6,2,,5,wood frame (5),5,wood frame (5),,3,Russian Hill,94133,"(37.802405951667645, -122.41446286561653)",147281357792
M816927,8,otc alterations permit,8/7/2017,941,12,2824,,Filbert,St,,,street space,issued,8/7/2017,8/7/2017,8/7/2017,,8/7/2017,,,,,,,,1,,,,,,,,,,,,2,Marina,94123,"(37.79697456740493, -122.44615769723546)",147359384812
201708084249,8,otc alterations permit,8/8/2017,542,39,1,,Charlton,Ct,,,re-roofing,issued,8/8/2017,8/8/2017,8/8/2017,,8/8/2017,,4,4,,,8/8/2018,64650,64650,apartments,9,apartments,9,0,,5,wood frame (5),5,wood frame (5),,2,Marina,94123,"(37.79739093461306, -122.43127133823367)",1473796372030
201708165014,8,otc alterations permit,8/16/2017,1824,6,1435,,29th,Av,,,re-roofing,issued,8/16/2017,8/16/2017,8/16/2017,,8/16/2017,,2,2,,,2/16/2018,7000,7000,1 family dwelling,1,1 family dwelling,1,0,,5,wood frame (5),5,wood frame (5),,4,Sunset/Parkside,94122,"(37.76052279949518, -122.4879889739165)",1474841115935
M820728,8,otc alterations permit,8/18/2017,1449,6,331,,17th,Av,,,street space,issued,8/18/2017,8/18/2017,8/18/2017,,8/18/2017,,,,,,,,1,,,,,,,,,,,,1,Outer Richmond,94121,"(37.78177022745135, -122.47658979438802)",1475223100163
M821207,8,otc alterations permit,8/21/2017,1193,24,120,,Shrader,St,,,street space & sidewalk repair,issued,8/21/2017,8/21/2017,8/21/2017,,8/21/2017,,,,,,,,1,,,,,,,,,,,,5,Lone Mountain/USF,94117,"(37.77371007080848, -122.45243180846707)",147537591942
M821268,8,otc alterations permit,8/21/2017,1851,12,1512,,06th,Av,,,street space,issued,8/21/2017,8/21/2017,8/21/2017,,8/21/2017,,,,,,,,1,,,,,,,,,,,,7,Inner Sunset,94122,"(37.760252335082875, -122.4625393396095)",1475405117215
M821847,8,otc alterations permit,8/22/2017,326,1,165,,Powell,St,,,street space,issued,8/22/2017,8/22/2017,8/22/2017,,8/22/2017,,,,,,,,1,,,,,,,,,,,,3,Tenderloin,94102,"(37.78625524960107, -122.40834431815433)",1475605447747
M822307,8,otc alterations permit,8/23/2017,182,4,1441,,Taylor,St,0,,street space,issued,8/23/2017,8/23/2017,8/23/2017,,8/23/2017,,,,,,,,1,,,,,,,,,,,,3,Nob Hill,94133,"(37.79566333315149, -122.41363462406336)",1475757406474
M822487,8,otc alterations permit,8/23/2017,3580,17,3830,,18th,St,0,,street space permit,issued,8/23/2017,8/23/2017,8/23/2017,,8/23/2017,,,,,,,,1,,,,,,,,,,,,8,Castro/Upper Market,94114,"(37.761512899115466, -122.42911964946909)",1475795422554
M822707,8,otc alterations permit,8/23/2017,3610,41,563,,Capp,St,,,street space,issued,8/23/2017,8/23/2017,8/23/2017,,8/23/2017,,,,,,,,0,,,,,,,,,,,,9,Mission,94110,"(37.75771026684177, -122.4175528755785)",1475838161926
201708245836,3,additions alterations or repairs,8/24/2017,3749,47,76,,Lansing,St,,,"mandatory soft-story compliance per sfebc ch.4d, criteria fema p807 & asce 41-13.",approved,12/14/2017,8/24/2017,,,,,3,3,,,,73000,73000,apartments,6,apartments,6,2,,5,wood frame (5),5,wood frame (5),,6,Financial District/South Beach,94105,"(37.78595425737664, -122.39444130117158)",1476032285416
M823847,8,otc alterations permit,8/25/2017,3545,018A,1810,,15th,St,,,street space,issued,8/25/2017,8/25/2017,8/25/2017,,8/25/2017,,,,,,,,1,,,,,,,,,,,,8,Mission,94103,"(37.766508011617525, -122.42470825254468)",1476234157693
M824007,8,otc alterations permit,8/25/2017,749,006A,1445,,Eddy,St,,,street space,issued,8/25/2017,8/25/2017,8/25/2017,,8/25/2017,,,,,,,,1,,,,,,,,,,,,5,Western Addition,94115,"(37.7813061748427, -122.43142154292566)",147627380882
M824127,8,otc alterations permit,8/28/2017,6551,23,1383,,Church,St,,,street space,issued,8/28/2017,8/28/2017,8/28/2017,,8/28/2017,,,,,,,,1,,,,,,,,,,,,8,Noe Valley,94114,"(37.748779856735744, -122.42683572581998)",1476358207225
M824927,8,otc alterations permit,8/29/2017,6597,24,681,,San Jose,Av,,,street space,issued,8/29/2017,8/29/2017,8/29/2017,,8/29/2017,,,,,,,,1,,,,,,,,,,,,8,Bernal Heights,94110,"(37.74446179156465, -122.42217241874201)",1476706208668
M825267,8,otc alterations permit,8/29/2017,1572,17,606,,30th,Av,,,street space,issued,8/29/2017,8/29/2017,8/29/2017,,8/29/2017,,,,,,,,1,,,,,,,,,,,,1,Outer Richmond,94121,"(37.77767213358907, -122.48966493609916)",1476720105056
M828787,8,otc alterations permit,9/7/2017,177,22,655,,Pacific,Av,0,,street space,issued,9/7/2017,9/7/2017,9/7/2017,,9/7/2017,,,,,,,,0,,,,,,,,,,,,3,Chinatown,94133,"(37.79673343870443, -122.40610115140781)",1477872407335
M829567,8,otc alterations permit,9/8/2017,490,2,3325,,Steiner,St,,,street space,issued,9/8/2017,9/8/2017,9/8/2017,,9/8/2017,,,,,,,,1,,,,,,,,,,,,2,Marina,94123,"(37.80002156448977, -122.43806594677513)",147813971761
M832207,8,otc alterations permit,9/15/2017,1609,021F,700,,36th,Av,,,street space,issued,9/15/2017,9/15/2017,9/15/2017,,9/15/2017,,,,,,,,1,,,,,,,,,,,,1,Outer Richmond,94121,"(37.77554028396788, -122.49601102992328)",1479528106617
201709158571,8,otc alterations permit,9/15/2017,1429,10,249,,04th,Av,,,soft story retrofit per sfebc chapter 4d: 2016 cebc appendix a-4,filed,9/15/2017,9/15/2017,,,,,3,3,,,,18000,0,apartments,6,apartments,6,2,,5,wood frame (5),5,wood frame (5),,1,Inner Richmond,94118,"(37.7839252036892, -122.46267353170244)",1479741242383
M833229,8,otc alterations permit,9/19/2017,605,28,2379,,Jackson,St,1,,street space,issued,9/19/2017,9/19/2017,9/19/2017,,9/19/2017,,,,,,,,1,,,,,,,,,,,,2,Pacific Heights,94115,"(37.792266300903314, -122.4340191358936)",1480161420671
M834107,8,otc alterations permit,9/21/2017,7151,14,247,,Saint Charles,Av,0,,street space,issued,9/21/2017,9/21/2017,9/21/2017,,9/21/2017,,,,,,,,1,,,,,,,,,,,,7,Oceanview/Merced/Ingleside,94132,"(37.70944796125683, -122.4690186732598)",1480578483312
M836287,8,otc alterations permit,9/27/2017,540,2,2843,,Webster,St,,,street space,issued,9/27/2017,9/27/2017,9/27/2017,,9/27/2017,,,,,,,,1,,,,,,,,,,,,2,Marina,94123,"(37.79686934709798, -122.43412132328224)",1481221235128
M836847,8,otc alterations permit,9/28/2017,959,29,2615,,Divisadero,St,,,street space,issued,9/28/2017,9/28/2017,9/28/2017,,9/28/2017,,,,,,,,1,,,,,,,,,,,,2,Pacific Heights,94123,"(37.79391508281414, -122.44195481827035)",1481434475430
M839427,8,otc alterations permit,10/4/2017,6780,34,252,,Cotter,St,,,street space,issued,10/4/2017,10/4/2017,10/4/2017,,10/4/2017,,,,,,,,1,,,,,,,,,,,,11,Outer Mission,94112,"(37.729885737657085, -122.43669590253097)",1482203213002
201710110928,8,otc alterations permit,10/11/2017,5934,20,938,,Felton,St,,,reroofing,complete,10/31/2017,10/11/2017,10/11/2017,10/31/2017,10/11/2017,,2,2,,,4/11/2018,14000,14000,1 family dwelling,1,1 family dwelling,1,0,,5,wood frame (5),5,wood frame (5),,9,Portola,94134,"(37.72775517946509, -122.41419227409298)",1482932191681
M842668,8,otc alterations permit,10/11/2017,1558,9,535,,15th,Av,,,street space pmerit,issued,10/11/2017,10/11/2017,10/11/2017,,10/11/2017,,,,,,,,1,,,,,,,,,,,,1,Outer Richmond,94118,"(37.777944902487455, -122.47412411653805)",1482945104295
M842987,8,otc alterations permit,10/11/2017,797,22,896,,Fillmore,St,,,street space,issued,10/11/2017,10/11/2017,10/11/2017,,10/11/2017,,,,,,,,1,,,,,,,,,,,,5,Hayes Valley,94117,"(37.777501464434096, -122.4313176580435)",148301981818
M843007,8,otc alterations permit,10/12/2017,1095,5,2425,,Geary,Bl,,,street space,issued,10/12/2017,10/12/2017,10/12/2017,,10/12/2017,,,,,,,,1,,,,,,,,,,,,2,Lone Mountain/USF,94115,"(37.78231492051284, -122.44311204170013)",148305089457
M843807,8,otc alterations permit,10/13/2017,24,011C,2718,,Hyde,St,,,street space for pa201709279745,reinstated,10/20/2017,10/13/2017,10/13/2017,,10/13/2017,,,,,,,,1,,,,,,,,,,,,2,Russian Hill,94109,"(37.806017225478456, -122.42015526260425)",1483314449819
M845227,8,otc alterations permit,10/17/2017,1431,28,264,,03rd,Av,,,street space & sidewalk repair,issued,10/17/2017,10/17/2017,10/17/2017,,10/17/2017,,,,,,,,1,,,,,,,,,,,,1,Inner Richmond,94118,"(37.78372760851531, -122.46092340202318)",148365099485
M845327,8,otc alterations permit,10/17/2017,299,19,861,,Sutter,St,,,street space,issued,10/17/2017,10/17/2017,10/17/2017,,10/17/2017,,,,,,,,1,,,,,,,,,,,,3,Nob Hill,94109,"(37.788197996005636, -122.41442324510548)",148367767222
201710242043,7,wall or painted sign,10/24/2017,8702,611,274,,King,St,,,re-face (1) existing projecting sign. maher na,filed,10/24/2017,10/24/2017,,,,,,,,,,1000,,,,,,2,,,,,,,6,Mission Bay,94107,"(37.777642220223974, -122.39341813656613)",1484475491468
M849547,8,otc alterations permit,10/30/2017,6165,13,66,,Mill,St,,,street space,issued,10/30/2017,10/30/2017,10/30/2017,,10/30/2017,,,,,,,,1,,,,,,,,,,,,10,Visitacion Valley,94134,"(37.71876662168294, -122.40622225145289)",1485323197290
M851827,8,otc alterations permit,11/3/2017,2038A,26,1730,,12th,Av,,,street space,issued,11/3/2017,11/3/2017,11/3/2017,,11/3/2017,,,,,,,,1,,,,,,,,,,,,7,Inner Sunset,94122,"(37.7558354230817, -122.46863203513271)",1485949122974
M853107,8,otc alterations permit,11/7/2017,3763,22,483,,03rd,St,,,street space and mta permits,issued,11/7/2017,11/7/2017,11/7/2017,,11/7/2017,,,,,,,,1,,,,,,,,,,,,6,Financial District/South Beach,94107,"(37.78174763474234, -122.39596460976995)",1486300270248
M853247,8,otc alterations permit,11/7/2017,640,29,1809,,Gough,St,201,,street space permit,issued,11/7/2017,11/7/2017,11/7/2017,,11/7/2017,,,,,,,,1,,,,,,,,,,,,2,Pacific Heights,94109,"(37.790448830284234, -122.42601228372914)",148636077367
M854087,8,otc alterations permit,11/9/2017,991,49,3953,,Washington,St,,,street space,issued,11/9/2017,11/9/2017,11/9/2017,,11/9/2017,,,,,,,,1,,,,,,,,,,,,2,Presidio Heights,94118,"(37.78826160313802, -122.45839792897874)",148657386294
M854747,8,otc alterations permit,11/13/2017,249,23,1571,,Sacramento,St,,,street space permit,issued,11/13/2017,11/13/2017,11/13/2017,,11/13/2017,,,,,,,,1,,,,,,,,,,,,3,Nob Hill,94109,"(37.79160220196534, -122.41866491945744)",1486848233227
M854907,8,otc alterations permit,11/13/2017,3590,13,3320,,19th,St,,,street space,issued,11/13/2017,11/13/2017,11/13/2017,,11/13/2017,,,,,,,,1,,,,,,,,,,,,9,Mission,94110,"(37.760524816501416, -122.41758272141853)",1486892160576
M855127,8,otc alterations permit,11/13/2017,1252,42,718,,Cole,St,,,street space permit,issued,11/13/2017,11/13/2017,11/13/2017,,11/13/2017,,,,,,,,1,,,,,,,,,,,,5,Haight Ashbury,94117,"(37.76807732513583, -122.45007833970155)",148693293842
201711154040,3,additions alterations or repairs,11/15/2017,6969,1,5050,,Mission,St,,,fire alarm system for appln #201006104250,filed,11/15/2017,11/15/2017,,,,,,,,,,,,,,,,2,,,,,,,11,Outer Mission,94112,"(37.71772263199437, -122.44060092814006)",1487232215636
M857329,8,otc alterations permit,11/17/2017,4024,3,624,,Hampshire,St,,,street space,issued,11/17/2017,11/17/2017,11/17/2017,,11/17/2017,,,,,,,,1,,,,,,,,,,,,10,Mission,94110,"(37.761456067566776, -122.40846096212044)",1487606168850
M857707,8,otc alterations permit,11/20/2017,5666,10,156,,Wool,St,,,streetspace,issued,11/20/2017,11/20/2017,11/20/2017,,11/20/2017,,,,,,,,0,,,,,,,,,,,,9,Bernal Heights,94110,"(37.73977153028013, -122.41727389222731)",1487758186316
M858789,8,otc alterations permit,11/27/2017,912,002A,1856,,Jefferson,St,,,street space prmit,issued,11/27/2017,11/27/2017,11/27/2017,,11/27/2017,,,,,,,,1,,,,,,,,,,,,2,Marina,94123,"(37.80500098348984, -122.44312789248019)",1488277383243
201711274868,8,otc alterations permit,11/27/2017,1744,39,1241,,06th,Av,,,install 6 vinyl windows size for size on back wall,issued,11/27/2017,11/27/2017,11/27/2017,,11/27/2017,,2,2,,,5/27/2018,6000,6000,apartments,3,apartments,3,0,,5,wood frame (5),5,wood frame (5),,5,Inner Sunset,94122,"(37.76535779270799, -122.46346983597869)",1488409505430
M859867,8,otc alterations permit,11/28/2017,2417,7,2563,,16th,Av,,,street space,issued,11/28/2017,11/28/2017,11/28/2017,,11/28/2017,,,,,,,,1,,,,,,,,,,,,7,West of Twin Peaks,94116,"(37.74014357143049, -122.47259785447889)",1488583135209
M860867,8,otc alterations permit,11/30/2017,187,1,1455,,Leavenworth,St,0,,street space,issued,11/30/2017,11/30/2017,11/30/2017,,11/30/2017,,,,,,,,1,,,,,,,,,,,,3,Russian Hill,94109,"(37.794608915442694, -122.41666671768017)",1488825295447
M861547,8,otc alterations permit,12/1/2017,327,18,165,,Ofarrell,St,,,street space permit - renewal of permit # m783367,issued,12/1/2017,12/1/2017,12/1/2017,,12/1/2017,,,,,,,,1,,,,,,,,,,,,3,Financial District/South Beach,94102,"(37.78622455286341, -122.40734672057884)",148899669772
M863107,8,otc alterations permit,12/5/2017,1676,001H,835,,33rd,Av,,,street space,issued,12/5/2017,12/5/2017,12/5/2017,,12/5/2017,,,,,,,,1,,,,,,,,,,,,1,Outer Richmond,94121,"(37.7731864648277, -122.4931642429677)",1489437109713
M863627,8,otc alterations permit,12/6/2017,473,7,1304,,Francisco,St,,,street space,issued,12/6/2017,12/6/2017,12/6/2017,,12/6/2017,,,,,,,,1,,,,,,,,,,,,2,Marina,94123,"(37.803097650767135, -122.4268812097281)",148959271288
M863967,8,otc alterations permit,12/7/2017,3728,8,1202,,Howard,St,,,street space,issued,12/7/2017,12/7/2017,12/7/2017,,12/7/2017,,,,,,,,1,,,,,,,,,,,,6,South of Market,94103,"(37.776258877899394, -122.4119816702891)",1489689438480
M864087,8,otc alterations permit,12/7/2017,1212,70,215,,Cole,St,1,,street space permit,issued,12/7/2017,12/7/2017,12/7/2017,,12/7/2017,,,,,,,,1,,,,,,,,,,,,5,Lone Mountain/USF,94117,"(37.77295138711437, -122.45120688231127)",1489729490648
M864147,8,otc alterations permit,12/7/2017,510,13,2250,,Greenwich,St,,,street space,issued,12/7/2017,12/7/2017,12/7/2017,,12/7/2017,,,,,,,,1,,,,,,,,,,,,2,Marina,94123,"(37.79909185253604, -122.43683336533985)",148975672456
M864527,8,otc alterations permit,12/8/2017,642,87,1700,,California,St,1007,,common area- street space & mta parking meter,issued,12/8/2017,12/8/2017,12/8/2017,,12/8/2017,,,,,,,,1,,,,,,,,,,,,2,Pacific Heights,94109,"(37.79055541147386, -122.4230298567197)",148986077468
M864647,8,otc alterations permit,12/8/2017,4097,045A,737,,Carolina,St,,,street space,issued,12/8/2017,12/8/2017,12/8/2017,,12/8/2017,,,,,,,,1,,,,,,,,,,,,10,Potrero Hill,94107,"(37.75927525128718, -122.39979001449888)",1489903170441
M859387,8,otc alterations permit,11/28/2017,3995,22,595,,Mariposa,St,,,street space permit - renewal of permit #m842087,issued,12/8/2017,11/28/2017,12/8/2017,,12/8/2017,,,,,,,,1,,,,,,,,,,,,10,Potrero Hill,94107,"(37.7641409841946, -122.38952857235172)",1489946168430
M865207,8,otc alterations permit,12/11/2017,993,12,3778,,Clay,St,,,strwet space permit,issued,12/11/2017,12/11/2017,12/11/2017,,12/11/2017,,,,,,,,1,,,,,,,,,,,,2,Presidio Heights,94118,"(37.78829850083694, -122.45506041199897)",149010386340
M867767,8,otc alterations permit,12/18/2017,185,13,1446,,Jackson,St,,,street space,issued,12/18/2017,12/18/2017,12/18/2017,,12/18/2017,,,,,,,,1,,,,,,,,,,,,3,Russian Hill,94109,"(37.79471233986647, -122.41898268036178)",149094761908
201712196846,3,additions alterations or repairs,12/19/2017,2611,42,2,,Castro,St,0,,to comply with nov 201719241 seismic retrofit. 2016 cebc appendix a-4,filed,12/19/2017,12/19/2017,,,,,3,3,,,,40000,,apartments,8,apartments,8,2,,5,wood frame (5),5,wood frame (5),,8,Castro/Upper Market,94114,"(37.76879786581987, -122.43595233495957)",1491120401988
201712207002,1,new construction,12/20/2017,4991,85,250,,Executive Park,Bl,,,bldg 7. erect a type i&iii (5) story (3) basement 167 dwelling unit and retail building. maher n/a,filed,12/20/2017,12/20/2017,,,,,,5,,,,25000000,,,,apartments,74,2,,,,1,constr type 1,Y,10,Bayview Hunters Point,94134,"(37.710262656811906, -122.39181337034003)",1491353177117
M869807,8,otc alterations permit,12/22/2017,474,36,1111,,Bay,St,201,,street space,issued,12/22/2017,12/22/2017,12/22/2017,,12/22/2017,,,,,,,,1,,,,,,,,,,,,2,Marina,94123,"(37.80383760408627, -122.425481726898)",149161771342
M869987,8,otc alterations permit,12/22/2017,1041,16,590,,Spruce,St,,,street space,issued,12/22/2017,12/22/2017,12/22/2017,,12/22/2017,,,,,,,,1,,,,,,,,,,,,2,Presidio Heights,94118,"(37.78433078356834, -122.45341049084826)",149166587984
M870307,8,otc alterations permit,12/26/2017,3654,19,3998,,24th,St,,,street space,issued,12/26/2017,12/26/2017,12/26/2017,,12/26/2017,,,,,,,,1,,,,,,,,,,,,8,Noe Valley,94114,"(37.75161242561386, -122.43165739700228)",1491788164169
M870527,8,otc alterations permit,12/27/2017,0442A,15,50,,Capra,Wy,0,,street space permit,issued,12/27/2017,12/27/2017,12/27/2017,,12/27/2017,,,,,,,,1,,,,,,,,,,,,2,Marina,94123,"(37.802888387282984, -122.4397144224316)",1491872414010
M870607,8,otc alterations permit,12/27/2017,3542,41,2100,,Market,St,,,street space,issued,12/27/2017,12/27/2017,12/27/2017,,12/27/2017,,,,,,,,1,,,,,,,,,,,,8,Castro/Upper Market,94114,"(37.76747317610972, -122.42941499242298)",1491903157580
201712287574,3,additions alterations or repairs,12/28/2017,1419,29,274,,15th,Av,,,"horizontal adddition. addition of rear stairs and interior remodel of dwelling. including (n) beds, (n) baths (n) kitchen.",filed,12/28/2017,12/28/2017,,,,Y,3,3,,,,500000,,1 family dwelling,1,2 family dwelling,2,2,,5,wood frame (5),5,wood frame (5),Y,1,Outer Richmond,94118,"(37.783004678170975, -122.47380756548935)",149205498985
201303222819,7,wall or painted sign,3/22/2013,719,2,901,,Van Ness,Av,,,"to erect electric, projecting, double faced sign. change copy only. insert new face into exsiting sign.",cancelled,7/31/2017,3/22/2013,,,,,,,,,,1000,,,,,,2,,,,,,,5,Western Addition,94109,"(37.78400192377985, -122.42169433153967)",129957380462
201407080724,3,additions alterations or repairs,7/8/2014,5900A,25,801,,Silver,Av,,,new sprinkler system. 94 heads. ref: 2014-11-12-1272.,complete,9/8/2017,7/8/2014,9/11/2015,9/8/2017,9/11/2015,,2,2,,Y,9/5/2016,15000,47000,church,,church,,2,,3,constr type 3,3,constr type 3,,9,Portola,94134,"(37.7295502279417, -122.41833852987313)",1348201251151
201408254591,8,otc alterations permit,8/25/2014,3509,29,63,A,Grace,St,,,to comply with physical inspection report cc7777,complete,10/4/2017,8/25/2014,8/25/2014,10/4/2017,8/25/2014,,3,3,,,8/20/2015,500,500,apartments,4,apartments,4,0,,5,wood frame (5),5,wood frame (5),,6,South of Market,94103,"(37.774944547030586, -122.41443674356925)",1353299454075
201501206148,3,additions alterations or repairs,1/20/2015,1226,19,418,,Shrader,St,,,rear structure - converting structure at the rear of the property to a dwelling unit.,cancelled,9/19/2017,1/20/2015,,,,,1,1,,,,35000,,storage shed,0,1 family dwelling,1,2,,5,wood frame (5),5,wood frame (5),,5,Haight Ashbury,94117,"(37.770762127562946, -122.45184046838122)",1370343502813
201505196720,8,otc alterations permit,5/19/2015,3105A,5,235,,San Anselmo,Av,,,"revision to 201502188647, show new wall detail at new a8",expired,7/7/2017,5/19/2015,5/20/2015,,5/20/2015,,2,2,,,5/14/2016,50000,50000,1 family dwelling,1,1 family dwelling,1,2,,5,wood frame (5),5,wood frame (5),,7,West of Twin Peaks,94127,"(37.73379936523225, -122.46437263573927)",1382156152450
201505297543,6,demolitions,5/29/2015,3780,1,502,,07th,St,,,"demolish a 2 stories, storage building.",issued,7/19/2017,5/29/2015,7/19/2017,,7/19/2017,,2,,,,1/15/2018,20000,40000,office,0,,,2,,5,wood frame (5),,,,6,South of Market,94103,"(37.77399389340962, -122.40478807349099)",1383267167552
201511303744,8,otc alterations permit,11/30/2015,2402,33,2411,,23rd,Av,0,,"soft story retrofit per sfbc chapter 34b, 2012 iebc appendix a-4.",withdrawn,7/20/2017,11/30/2015,,,,,3,3,,,,20000,0,apartments,8,apartments,8,2,,5,wood frame (5),5,wood frame (5),,4,Sunset/Parkside,94116,"(37.74253513204044, -122.48020663366745)",1404822408481
201602058959,3,additions alterations or repairs,2/5/2016,6404,17,1201,,Geneva,Av,,,change of use/occupancy from  existing grocery story to church.,issued,11/1/2017,2/5/2016,11/1/2017,,11/1/2017,,1,1,,,11/1/2018,1000,40000,retail sales,0,church,0,2,,5,wood frame (5),5,wood frame (5),,11,Excelsior,94112,"(37.71433687660641, -122.43582765047069)",1411583202293
201602179775,3,additions alterations or repairs,2/17/2016,4700,43,1004,,Griffith,St,,,"provide a new sprinklers monitoring system, water flow and valve monitoring",complete,10/13/2017,2/17/2016,7/1/2016,10/13/2017,7/1/2016,,2,2,,Y,6/26/2017,17749,18000,apartments,,apartments,,2,,5,wood frame (5),5,wood frame (5),,10,Bayview Hunters Point,94124,"(37.72895726243854, -122.37932169727125)",1412834503451
201603162258,8,otc alterations permit,3/16/2016,3786,322,505,,Brannan,St,,,temp shoring & excavation,complete,10/10/2017,3/16/2016,3/31/2016,10/10/2017,3/31/2016,,,,,,3/10/2020,7000000,1500000,vacant lot,,vacant lot,,2,,,,,,,6,South of Market,94107,"(37.77759698731051, -122.39669490652187)",1416240505591
201603313579,3,additions alterations or repairs,3/31/2016,1289,20,1591,,Shrader,St,,,building addition deck & balcony at (e) 3-story single family dwelling,cancelled,9/11/2017,3/31/2016,,,,Y,3,3,,,,25000,,1 family dwelling,1,1 family dwelling,1,2,,5,wood frame (5),5,wood frame (5),Y,5,Inner Sunset,94117,"(37.760086498456246, -122.45055881787229)",141801095518
201604064066,8,otc alterations permit,4/6/2016,1497,016E,583,,47th,Av,,,permeation grouting of 22 lineal ft of foundation,complete,9/28/2017,4/6/2016,4/6/2016,9/28/2017,4/6/2016,,2,2,,,4/1/2017,8200,8200,1 family dwelling,1,1 family dwelling,1,2,,5,wood frame (5),5,wood frame (5),,1,Outer Richmond,94121,"(37.77743123832622, -122.50842623186071)",1418654101552
201606160145,3,additions alterations or repairs,6/16/2016,252,4,1005,,Jones,St,0,,soft storey retrofit - residential,withdrawn,12/27/2017,6/16/2016,,,,,4,4,,,,25700,,apartments,6,apartments,6,2,,5,wood frame (5),5,wood frame (5),,3,Nob Hill,94109,"(37.79064871045098, -122.414128594971)",1427001297236
201606240851,8,otc alterations permit,6/24/2016,5704,27,437,,Ellsworth,St,,,foundation repair @ rear.,withdrawn,10/5/2017,6/24/2016,,,,,2,2,,,,10000,0,1 family dwelling,1,1 family dwelling,1,2,,5,wood frame (5),5,wood frame (5),,9,Bernal Heights,94110,"(37.73793272610526, -122.41446118168759)",1427952187280
201607273499,6,demolitions,7/27/2016,6580,36,4041,,Cesar Chavez,St,,,to demolish 2 stories of 1 family dwelling,complete,1/19/2018,7/27/2016,9/14/2017,1/19/2018,9/14/2017,,2,,,,3/14/2018,20000,20000,1 family dwelling,1,,,2,,5,wood frame (5),,,,8,Noe Valley,94131,"(37.747266171580726, -122.43013955813504)",1431589462198
201609097214,8,otc alterations permit,9/9/2016,7241,32,291,,Stratford,Dr,,,reroofing,complete,9/22/2017,9/9/2016,9/9/2016,9/22/2017,9/9/2016,,1,1,,,9/4/2017,9800,9800,1 family dwelling,1,1 family dwelling,1,0,,5,wood frame (5),5,wood frame (5),,7,West of Twin Peaks,94132,"(37.720049707114235, -122.47335185005464)",1436733224960
201609147626,3,additions alterations or repairs,9/14/2016,856,23,115,,Haight,St,,,soft story retrofit per sfbc chapter 34b engineering criteria fema p-807,appeal,9/15/2017,9/14/2016,,,,,4,4,,,,40000,40000,apartments,17,apartments,17,2,,5,wood frame (5),5,wood frame (5),,5,Hayes Valley,94102,"(37.77261380729689, -122.4242148174291)",143728583232
201610079781,8,otc alterations permit,10/7/2016,4991,126,830,,Meade,Av,,,reroofing,complete,10/3/2017,10/7/2016,10/7/2016,10/3/2017,10/7/2016,,2,2,,,10/2/2017,6500,6500,1 family dwelling,1,1 family dwelling,1,0,,5,wood frame (5),5,wood frame (5),,10,Bayview Hunters Point,94124,"(37.717442069126626, -122.39625858274498)",1440224177150
201610170423,8,otc alterations permit,10/17/2016,105,25,1402,,Kearny,St,,,"bathroom remodel  - r/r tu, vanity and toilet",complete,8/22/2017,10/17/2016,10/17/2016,8/22/2017,10/17/2016,,3,3,,,10/12/2017,10000,10000,apartments,7,apartments,7,0,,5,wood frame (5),5,wood frame (5),,3,North Beach,94133,"(37.80103396951995, -122.4059366362017)",1441103231514
201611233429,8,otc alterations permit,11/23/2016,3787,33,427,,Brannan,St,,,"2nd flr: installing remote power supply 6 a/v, 13 strobes, 2 ductsmaher na",complete,9/14/2017,11/23/2016,11/23/2016,9/14/2017,11/23/2016,,2,2,,Y,11/18/2017,6700,7500,office,,office,,2,,3,constr type 3,3,constr type 3,,6,South of Market,94107,"(37.77935008395097, -122.39472107911563)",1445340507699
201612144948,8,otc alterations permit,12/14/2016,85,026A,1460,,Montgomery,St,,,add 1/2 bathroom at 2nd floor. remodel kitchen at 3rd floor,complete,7/21/2017,12/14/2016,12/15/2016,7/21/2017,12/15/2016,,3,3,,,12/10/2017,20000,20000,apartments,3,apartments,3,2,,5,wood frame (5),5,wood frame (5),,3,North Beach,94133,"(37.802715455284975, -122.40452290834084)",1447410231101
201612225729,8,otc alterations permit,12/22/2016,3794,15,101,,Townsend,St,,,revision to 201607081849: structural sheets only 2794 maher na,complete,12/4/2017,12/22/2016,12/30/2016,12/4/2017,12/30/2016,,3,3,,,12/25/2017,1,1,office,,office,,2,,3,constr type 3,3,constr type 3,,6,Mission Bay,94107,"(37.780225508554, -122.39046531707588)",1448409167872
201612195261,8,otc alterations permit,12/19/2016,2679,18,283,,Oak Park,Dr,,,"revision to pa #2016.0912.7460 - add ceiling truss, two post & one beam.",withdrawn,11/27/2017,12/19/2016,,,,,2,2,,,,3000,0,1 family dwelling,1,1 family dwelling,1,2,,5,wood frame (5),5,wood frame (5),,7,Inner Sunset,94131,"(37.75393571746845, -122.45759042994501)",1448589141543
201702038599,8,otc alterations permit,2/3/2017,4272,34,3023,,25th,St,,,reroofing.,complete,12/22/2017,2/3/2017,2/3/2017,12/22/2017,2/3/2017,,2,2,,,1/29/2018,18533,18533,2 family dwelling,1,2 family dwelling,1,0,,5,wood frame (5),5,wood frame (5),,9,Mission,94110,"(37.75091944351511, -122.41047342985635)",1452227172983
201702088915,8,otc alterations permit,2/8/2017,3555,63,474,,Valencia,St,,,"interior (non-structural) alterations for new workstations, lighting & redistribution of hvac (e); minor electrical & plumbing at 2nd floor.",complete,9/20/2017,2/8/2017,2/14/2017,9/20/2017,2/14/2017,,2,2,,,1/30/2020,127180,127180,office,0,office,0,2,,5,wood frame (5),5,wood frame (5),,8,Mission,94103,"(37.765414054947826, -122.42243402215223)",1452657158189
201702109136,4,sign - erect,2/10/2017,3707,16,90,,New Montgomery,St,,,to erect electrical illuminated double faced sign - maher ordinance - extended ordinance no.155-13 n/a,issued,10/17/2017,2/10/2017,10/17/2017,,10/17/2017,,15,,,,2/17/2018,5000,5000,food/beverage hndlng,,,,2,,1,constr type 1,,,,6,Financial District/South Beach,94105,"(37.78742256247351, -122.40093229776461)",1452944164483
201709148239,8,otc alterations permit,9/14/2017,5853,15,194,,Gaven,St,,,2/f: replace kitchen cabinets.,issued,9/19/2017,9/14/2017,9/19/2017,,9/19/2017,,2,2,,,1/19/2018,1500,10000,1 family dwelling,1,1 family dwelling,1,0,,5,wood frame (5),5,wood frame (5),,9,Portola,94134,"(37.733257139453976, -122.40965158198252)",1479316189353
201703131325,8,otc alterations permit,3/13/2017,181,20,1086,,Jackson,St,,,reroofing.,complete,7/28/2017,3/13/2017,3/13/2017,7/28/2017,3/13/2017,,4,4,,,3/8/2018,15000,15000,apartments,4,apartments,4,0,,5,wood frame (5),5,wood frame (5),,3,Nob Hill,94133,"(37.79541765626006, -122.41289752397776)",1455972271592
201703272394,7,wall or painted sign,3/27/2017,175,6,412,,Jackson,St,,,non structural sign. n/a for maher ordinance no. 155-13.,issued,11/13/2017,3/27/2017,11/13/2017,,11/13/2017,,,,,,3/13/2018,500,500,,,,,2,,,,,,,3,Chinatown,94133,"(37.79672027240272, -122.40229034933267)",145742961570
201703282512,4,sign - erect,3/28/2017,327,25,1,,Stockton,St,,,electric wall sign single faced,withdrawn,7/6/2017,3/28/2017,,,,,2,,,,,4000,,retail sales,0,,,2,,2,constr type 2,,,,3,Financial District/South Beach,94102,"(37.78584544618807, -122.40652160493985)",145758569777
201703302779,8,otc alterations permit,3/30/2017,320,4,531,,Hyde,St,,,apt. #7:  kitchen remodeling.  no removal of wall,complete,8/30/2017,3/30/2017,3/30/2017,8/30/2017,3/30/2017,,4,4,,,3/25/2018,16000,16000,apartments,16,apartments,16,0,,5,wood frame (5),5,wood frame (5),,6,Tenderloin,94109,"(37.78578517212513, -122.41669995016962)",1457912233858
201703161614,8,otc alterations permit,3/16/2017,6654,1,353,,30th,St,,,exterior stair & landing repair. repair in kind per plan,complete,8/11/2017,3/16/2017,4/20/2017,8/11/2017,4/20/2017,,3,3,,,4/15/2018,30000,30000,apartments,4,apartments,4,2,,5,wood frame (5),5,wood frame (5),,8,Glen Park,94131,"(37.741796290218524, -122.4280304040457)",1460168269741
201704204433,8,otc alterations permit,4/20/2017,3635,5,1138,,Valencia,St,,,1138a valencia street: remodel kitchen and bathroom as-is,complete,7/26/2017,4/20/2017,4/20/2017,7/26/2017,4/20/2017,,3,3,,,4/15/2018,25000,25000,apartments,15,apartments,15,0,,5,wood frame (5),5,wood frame (5),,8,Mission,94110,"(37.75468334123369, -122.42119735056855)",1460189272617
201704275068,8,otc alterations permit,4/27/2017,3738,11,301,,Howard,St,,,t24 electrical for work under 201703272389,complete,7/3/2017,4/27/2017,4/28/2017,7/3/2017,4/28/2017,,23,23,,,4/23/2018,96000,96000,office,0,office,0,2,,1,constr type 1,1,constr type 1,,6,Financial District/South Beach,94105,"(37.78951790121917, -122.39426523763933)",1461057165667
201705035571,4,sign - erect,5/3/2017,328,1,768,,Market,St,,,"to erect electric, wall, single faced sign. (illuminated)** maher: n/a **",withdrawn,10/12/2017,5/3/2017,,,,,11,,,,,4000,,retail sales,0,,,2,,1,constr type 1,,,,3,Financial District/South Beach,94108,"(37.786382767276045, -122.40546332975441)",1461733436069
201705035616,8,otc alterations permit,5/3/2017,4150,21,1061,,Florida,St,,,reroofing,cancelled,10/23/2017,5/3/2017,5/3/2017,,5/3/2017,,2,2,,,4/28/2018,11950,11950,1 family dwelling,1,1 family dwelling,1,0,,5,wood frame (5),5,wood frame (5),,9,Mission,94110,"(37.754907619215444, -122.40999547082743)",1461797171313
201705186910,8,otc alterations permit,5/18/2017,534,37,3022,,Steiner,St,,,reroofing,complete,12/28/2017,5/18/2017,5/18/2017,12/28/2017,5/18/2017,,2,2,,,5/13/2018,22300,22300,2 family dwelling,2,2 family dwelling,2,0,,5,wood frame (5),5,wood frame (5),,2,Marina,94123,"(37.79727793436006, -122.43694237165829)",146354773401
201705187018,3,additions alterations or repairs,5/18/2017,252,4,1005,,Jones,St,0,,soft story - steel frame & shear wall. no exterior work,issued,12/27/2017,5/18/2017,12/27/2017,,12/27/2017,,4,4,,,6/27/2018,20000,8640,retail sales,6,retail sales,6,2,,5,wood frame (5),5,wood frame (5),,3,Nob Hill,94109,"(37.79064871045098, -122.414128594971)",1463699297236
201705267739,4,sign - erect,5/26/2017,6509,35,3845,,24th,St,,,new double faced sign 'stephen moore home mercantile',complete,8/1/2017,5/26/2017,7/12/2017,8/1/2017,7/12/2017,,2,,,,7/7/2018,50,50,retail sales,0,,,2,,5,wood frame (5),,,,8,Noe Valley,94114,"(37.7514383152092, -122.42837666516778)",1464689279101
201705267761,8,otc alterations permit,5/26/2017,3537,33,81,,Sanchez,St,,,soft story wood frame retrofit,complete,10/16/2017,5/26/2017,5/31/2017,10/16/2017,5/31/2017,,3,3,,,5/26/2018,50000,80000,apartments,9,apartments,9,2,,4,constr type 4,4,constr type 4,,8,Castro/Upper Market,94114,"(37.767870395070226, -122.4309442751996)",1464718157214
201705307876,8,otc alterations permit,5/30/2017,4015,3,2650,,18th,St,,,install fire sprinkler throughout bld and underground servicemaher na,complete,10/18/2017,5/30/2017,6/1/2017,10/18/2017,6/1/2017,,2,2,,Y,5/16/2020,178500,178500,office,,office,,2,,3,constr type 3,3,constr type 3,,10,Mission,94110,"(37.76211564348428, -122.40882719698217)",1464881168784
201705318001,8,otc alterations permit,5/31/2017,3044,9,40,,Saint Elmo,Wy,,,add shower to (e) bathroom on main floor. n/a for maher.,complete,10/13/2017,5/31/2017,5/31/2017,10/13/2017,5/31/2017,,2,2,,,5/26/2018,8000,8000,1 family dwelling,1,1 family dwelling,1,2,,5,wood frame (5),5,wood frame (5),,7,West of Twin Peaks,94127,"(37.73247642375762, -122.45931051205542)",1465071150807
201706018107,8,otc alterations permit,6/1/2017,3708,28,71,,Stevenson,St,,,22 st flr: electrical for 201705197098,complete,10/26/2017,6/1/2017,6/2/2017,10/26/2017,6/2/2017,,23,23,,,5/28/2018,100000,100000,office,,office,,2,,1,constr type 1,1,constr type 1,,6,Financial District/South Beach,94105,"(37.7893842722688, -122.39965909072765)",1465205164522
201706018123,8,otc alterations permit,6/1/2017,3606,85,240,,Liberty,St,,A,reroofing.,complete,8/29/2017,6/1/2017,6/1/2017,8/29/2017,6/1/2017,,4,4,,,5/27/2018,46600,46600,apartments,6,apartments,6,0,,5,wood frame (5),5,wood frame (5),,8,Castro/Upper Market,94114,"(37.757615513382525, -122.42667063025485)",1465253161623
201706068551,8,otc alterations permit,6/6/2017,696,35,1388,,Gough,St,401,,"install rooftop guardrail @ mid-rise, hi-rise and penthouse",issued,12/19/2017,6/6/2017,12/19/2017,,12/19/2017,,13,13,,,12/19/2018,45000,45000,apartments,72,apartments,72,2,,1,constr type 1,1,constr type 1,,2,Western Addition,94109,"(37.78587078183175, -122.42444733556172)",1465839253642
201706078648,8,otc alterations permit,6/7/2017,295,8,450,,Powell,St,,,installation of emergency evacuation signs in elevator lobbies.,complete,7/10/2017,6/7/2017,6/8/2017,7/10/2017,6/8/2017,,22,22,,Y,6/3/2018,1,1600,tourist hotel/motel,415,tourist hotel/motel,415,2,,2,constr type 2,2,constr type 2,,3,Financial District/South Beach,94108,"(37.7889844563134, -122.40822615293433)",1465981233628
201706088787,6,demolitions,6/8/2017,3521,5,340,,11th,St,,,demolition of a 2-story commercial building with no basements. n/a for maher ordinance.,approved,8/22/2017,6/8/2017,,,,,2,,,,,100000,100000,retail sales,0,,,2,,3,constr type 3,,,,6,Mission,94103,"(37.771175863006434, -122.41354619526811)",1466170156723
201706209810,8,otc alterations permit,6/20/2017,6562,54,4270,,Cesar Chavez,St,,,"remodel existing bathroom, relocate shower & vanity,  in kind bathroom remodel, same size",complete,12/4/2017,6/20/2017,6/20/2017,12/4/2017,6/20/2017,,4,4,,,6/15/2018,18000,18000,1 family dwelling,1,1 family dwelling,1,0,,5,wood frame (5),5,wood frame (5),,8,Noe Valley,94131,"(37.74746175577428, -122.43531442810931)",1467594207569
201706220049,8,otc alterations permit,6/22/2017,3629,45,1023,,Church,St,1,,re-roofing,complete,9/5/2017,6/22/2017,6/22/2017,9/5/2017,6/22/2017,,3,3,,,6/17/2018,23000,23000,apartments,4,apartments,4,0,,5,wood frame (5),5,wood frame (5),,8,Noe Valley,94114,"(37.754505027075965, -122.42733421267502)",1467948163151
201706230228,8,otc alterations permit,6/23/2017,1859A,011A,48,,Lurline,St,,,reroofing,complete,7/5/2017,6/23/2017,6/23/2017,7/5/2017,6/23/2017,,2,2,,,6/18/2018,8000,8000,1 family dwelling,1,1 family dwelling,1,0,,5,wood frame (5),5,wood frame (5),,7,Inner Sunset,94122,"(37.7595252108803, -122.47093527555351)",1468175117532
201706270428,8,otc alterations permit,6/27/2017,3760,131,70,,Oak Grove,St,,,"install fire panel for elevator recall. 1 facu, 4 smoke detectors, 3 relays. maher n/a",complete,9/19/2017,6/27/2017,6/27/2017,9/19/2017,6/27/2017,,2,2,,Y,6/22/2018,4500,4500,office,0,office,0,2,,5,wood frame (5),5,wood frame (5),,6,South of Market,94107,"(37.777108836339615, -122.40223405147992)",1468451166549
201706270465,3,additions alterations or repairs,6/27/2017,97,18,1178,,Union,St,,,compliance w/ mandatory seismic retrofit program 2016 sfebc sec 4d & ab-107.,approved,10/18/2017,6/27/2017,,,,,3,3,,,,30000,48000,apartments,5,apartments,5,2,,5,wood frame (5),5,wood frame (5),,2,Russian Hill,94109,"(37.79942899647979, -122.41872814938218)",1468499231333
201706270487,8,otc alterations permit,6/27/2017,297,28,515,,Mason,St,,,19/f: revise light fixtures. ref 201703312946,issued,7/12/2017,6/27/2017,7/12/2017,,7/12/2017,,21,21,,,7/7/2018,1,1,tourist hotel/motel,350,tourist hotel/motel,350,2,,1,constr type 1,1,constr type 1,,3,Nob Hill,94102,"(37.78831830234988, -122.41054888775284)",1468527493134
201706290676,8,otc alterations permit,6/29/2017,8721,32,455,,Mission Bay Blvd South,,0,,"3/f- reconfigure conference rooms, av, lab gas for new bsc, demo of existing exhaust hood, reconfigure breakroom, (n) lab desks. n/a ordinance #155-13",issued,7/17/2017,6/29/2017,7/17/2017,,7/17/2017,,5,5,,,7/1/2020,800000,800000,office,0,office,0,2,,1,constr type 1,1,constr type 1,,6,Mission Bay,94158,"(37.77045150901297, -122.38852892114899)",1468779471576
M803330,8,otc alterations permit,6/29/2017,3733,161,320,,Clementina,St,0,,street space,issued,7/3/2017,6/29/2017,7/3/2017,,7/3/2017,,,,,,,,1,,,,,,,,,,,,6,South of Market,94103,"(37.78216754874572, -122.4027705665087)",1468901394778
201706300882,8,otc alterations permit,6/30/2017,2829,23,859,,Elizabeth,St,,,reroofing,issued,6/30/2017,6/30/2017,6/30/2017,,6/30/2017,,3,3,,,6/25/2018,9800,9800,2 family dwelling,2,2 family dwelling,2,0,,5,wood frame (5),5,wood frame (5),,8,Noe Valley,94114,"(37.75150541602879, -122.43981664684895)",1469060145367
M803987,8,otc alterations permit,7/3/2017,821,73,843,C,Hayes,St,0,,street space,issued,7/3/2017,7/3/2017,7/3/2017,,7/3/2017,,,,,,,,1,,,,,,,,,,,,5,Hayes Valley,94117,"(37.775671880692904, -122.43022136710104)",1469150425694
M804247,8,otc alterations permit,7/5/2017,672,2,1415,,Franklin,St,0,,street space permit,issued,7/5/2017,7/5/2017,7/5/2017,,7/5/2017,,,,,,,,1,,,,,,,,,,,,2,Western Addition,94109,"(37.78764489265705, -122.4237200539778)",1469202406902
M804727,8,otc alterations permit,7/6/2017,579,2,2535,,Laguna,St,0,,street space,issued,7/6/2017,7/6/2017,7/6/2017,,7/6/2017,,,,,,,,1,,,,,,,,,,,,2,Pacific Heights,94115,"(37.79443811883427, -122.43024023252363)",1469315303888
201707061081,3,additions alterations or repairs,7/6/2017,219,24,1415,,Clay,St,,,"per unit legalization ordinance 43-14, legalication of unit installed w/out permit, legalize kitchen, living rm, one bath rm at lower floor. construct interior staircase connect from ground to lower level.",filed,7/6/2017,7/6/2017,,,,,4,4,,,,62000,,apartments,6,apartments,7,2,,5,wood frame (5),5,wood frame (5),,3,Nob Hill,94109,"(37.792815758683325, -122.41639354876276)",146934462820
M805007,8,otc alterations permit,7/6/2017,8707,72,325,,Berry,St,510,,street space permit,issued,7/6/2017,7/6/2017,7/6/2017,,7/6/2017,,,,,,,,1,,,,,,,,,,,,6,Mission Bay,94158,"(37.773386221562035, -122.39575661785827)",1469373460148
M732987,8,otc alterations permit,10/25/2016,3640,58,3045,,23rd,St,,,street space,issued,7/7/2017,10/25/2016,7/7/2017,,7/7/2017,,,,,,,,1,,,,,,,,,,,,9,Mission,94110,"(37.75397881801048, -122.41293233118827)",1469533163591
201705085934,5,grade or quarry or fill or excavate,5/8/2017,1939,2,60,,Yerba Buena,Rd,,,"soil nail wall, exavation, grading, utility relocation to accommodate the construction of futher water tanks.",approved,7/7/2017,5/8/2017,,,7/7/2017,,,,,,7/7/2019,250000,400000,,,,,2,,,,,,,6,Treasure Island,94130,"(37.81101341055236, -122.36585271558224)",1469665494541
M806147,8,otc alterations permit,7/7/2017,3541,83,69,,Henry,St,,,streetspace,issued,7/7/2017,7/7/2017,7/7/2017,,7/7/2017,,,,,,,,0,,,,,,,,,,,,8,Castro/Upper Market,94114,"(37.76647080914988, -122.43250290048626)",1469681157540
201707111466,8,otc alterations permit,7/11/2017,2756,24,445,,Burnett,Av,,,reroofing,complete,7/20/2017,7/11/2017,7/11/2017,7/20/2017,7/11/2017,,3,3,,,7/6/2018,18000,18000,apartments,12,apartments,12,0,,5,wood frame (5),5,wood frame (5),,8,Twin Peaks,94131,"(37.754275477662766, -122.4436810428671)",1469907246073
M807507,8,otc alterations permit,7/11/2017,27,36,708,,Bay,St,0,,street space,issued,7/11/2017,7/11/2017,7/11/2017,,7/11/2017,,,,,,,,1,,,,,,,,,,,,2,Russian Hill,94109,"(37.805197503098086, -122.41884299779682)",1470081413326
M807707,8,otc alterations permit,7/12/2017,3635,14,1198,,Valencia,St,,,street space,issued,7/12/2017,7/12/2017,7/12/2017,,7/12/2017,,,,,,,,1,,,,,,,,,,,,8,Mission,94110,"(37.753934349908164, -122.42118001917493)",1470138163313
M807947,8,otc alterations permit,7/12/2017,805,7,700,,Hayes,St,,,street space,issued,7/12/2017,7/12/2017,7/12/2017,,7/12/2017,,,,,,,,1,,,,,,,,,,,,5,Hayes Valley,94102,"(37.7764535995205, -122.42813162705657)",147018481922
M808147,8,otc alterations permit,7/12/2017,1220,11,1256,,Page,St,,,street space,issued,7/12/2017,7/12/2017,7/12/2017,,7/12/2017,,,,,,,,1,,,,,,,,,,,,5,Haight Ashbury,94117,"(37.77193702091537, -122.44155378372128)",147022892809
M808527,8,otc alterations permit,7/13/2017,6728,5,18,,Roanoke,St,,,street space permit - renewal of permit # 201510018589,issued,7/13/2017,7/13/2017,7/13/2017,,7/13/2017,,,,,,,,1,,,,,,,,,,,,8,Glen Park,94131,"(37.73618636302606, -122.43126758256227)",1470371211471
M808587,8,otc alterations permit,7/13/2017,182,4,1441,,Taylor,St,0,,street space,issued,7/13/2017,7/13/2017,7/13/2017,,7/13/2017,,,,,,,,1,,,,,,,,,,,,3,Nob Hill,94133,"(37.79566333315149, -122.41363462406336)",1470394406474
M808687,8,otc alterations permit,7/13/2017,3516,18,1582,,Folsom,St,,,street space,issued,7/13/2017,7/13/2017,7/13/2017,,7/13/2017,,,,,,,,1,,,,,,,,,,,,6,Mission,94103,"(37.771141881860004, -122.41511148358894)",1470426156541
M808887,8,otc alterations permit,7/13/2017,6521,30,2857,,Folsom,St,0,,street space,issued,7/13/2017,7/13/2017,7/13/2017,,7/13/2017,,,,,,,,1,,,,,,,,,,,,9,Mission,94110,"(37.75164699590895, -122.41366161469796)",1470484399096
M809067,8,otc alterations permit,7/14/2017,3582,85,429,,Castro,St,,,street space,issued,7/14/2017,7/14/2017,7/14/2017,,7/14/2017,,,,,,,,1,,,,,,,,,,,,8,Castro/Upper Market,94114,"(37.76201394710894, -122.43467531572568)",1470554465468
201707141931,2,new construction wood frame,7/14/2017,1193,48,2150,A,Hayes,St,,,construct (n) 3-story type 5a construction 9 residential unit bldg b,filed,7/14/2017,7/14/2017,,,,,,3,,,,1620000,,,,apartments,3,2,,,,5,wood frame (5),Y,5,Lone Mountain/USF,94117,"(37.77347316353236, -122.45200535060522)",147059391960
201707141970,2,new construction wood frame,7/14/2017,4653,20,907,,Innes,Av,,,erect a three story type five construction two dwelling unit building.,filed,7/14/2017,7/14/2017,,,,,,3,,,,400000,,,,2 family dwelling,2,2,,,,5,wood frame (5),Y,10,Bayview Hunters Point,94124,"(37.73198656582946, -122.37627568664682)",1470649509089
201707171993,8,otc alterations permit,7/17/2017,1176,4,631,,Lyon,St,,,to comply with physical inspection report #cc-8096,issued,7/17/2017,7/17/2017,7/17/2017,,7/17/2017,,3,3,,,7/12/2018,2500,2500,apartments,3,apartments,3,0,,5,wood frame (5),5,wood frame (5),,5,Lone Mountain/USF,94117,"(37.77659250803332, -122.44351268735193)",1470672267914
M809507,8,otc alterations permit,7/17/2017,65,26,720,,Lombard,St,,,street space,issued,7/17/2017,7/17/2017,7/17/2017,,7/17/2017,,,,,,,,0,,,,,,,,,,,,3,North Beach,94133,"(37.80296218502929, -122.4133988062812)",147072657455
M810047,8,otc alterations permit,7/18/2017,7231,001A,77,,Rossmoor,Dr,,,street space,issued,7/18/2017,7/18/2017,7/18/2017,,7/18/2017,,,,,,,,0,,,,,,,,,,,,7,West of Twin Peaks,94132,"(37.73035896051886, -122.4739832637931)",1470857224629
M810369,8,otc alterations permit,7/18/2017,2007,003C,1735,,42nd,Av,,,street space and sidewalk repair,issued,7/18/2017,7/18/2017,7/18/2017,,7/18/2017,,,,,,,,1,,,,,,,,,,,,4,Sunset/Parkside,94122,"(37.75431218550545, -122.5015268739414)",1470909121538
M811030,8,otc alterations permit,7/19/2017,1418,28,274,,16th,Av,,,street space,issued,7/19/2017,7/19/2017,7/19/2017,,7/19/2017,,,,,,,,1,,,,,,,,,,,,1,Outer Richmond,94118,"(37.78297353248169, -122.47491764009439)",1471080365396
M811327,8,otc alterations permit,7/20/2017,947,30,2725,,Filbert,St,,,street space,issued,7/20/2017,7/20/2017,7/20/2017,,7/20/2017,,,,,,,,1,,,,,,,,,,,,2,Marina,94123,"(37.79660505391596, -122.4445526385968)",147119685040
M811227,8,otc alterations permit,7/19/2017,3603,87,4127,,20th,St,,,street space,issued,7/20/2017,7/19/2017,7/20/2017,,7/20/2017,,,,,,,,1,,,,,,,,,,,,8,Castro/Upper Market,94114,"(37.75753438760563, -122.43315886632703)",1471358161375
M812167,8,otc alterations permit,7/21/2017,3525,56,1190,,Bryant,St,,,street space permit,issued,7/21/2017,7/21/2017,7/21/2017,,7/21/2017,,,,,,,,1,,,,,,,,,,,,6,South of Market,94103,"(37.770615123628694, -122.40980164580058)",1471437156825
M812327,8,otc alterations permit,7/21/2017,4217,16,1285,,Rhode Island,St,,,street space,issued,7/21/2017,7/21/2017,7/21/2017,,7/21/2017,,,,,,,,1,,,,,,,,,,,,10,Potrero Hill,94107,"(37.753497332054756, -122.4013051612062)",1471461172323
M812487,8,otc alterations permit,7/21/2017,3577,036A,3487,,17th,St,,,street space,issued,7/21/2017,7/21/2017,7/21/2017,,7/21/2017,,,,,,,,1,,,,,,,,,,,,8,Mission,94110,"(37.76296879235046, -122.42362786497625)",1471512159538
201707242729,1,new construction,7/24/2017,3794,3,800,,02nd,St,,,,filed,7/24/2017,7/24/2017,,,,,,2,,,,100000,100000,,,,2,2,,,,1,constr type 1,Y,6,Mission Bay,94107,"(37.778471641499934, -122.38954138202004)",1471623167863
M812989,8,otc alterations permit,7/24/2017,5428C,4,12,,Bitting,Av,,,street space,issued,7/24/2017,7/24/2017,7/24/2017,,7/24/2017,,,,,,,,1,,,,,,,,,,,,10,Bayview Hunters Point,94124,"(37.72682730776622, -122.39792167898939)",1471734491262
M813147,8,otc alterations permit,7/25/2017,1510,31,566,,35th,Av,,,street space,issued,7/25/2017,7/25/2017,7/25/2017,,7/25/2017,,,,,,,,1,,,,,,,,,,,,1,Outer Richmond,94121,"(37.77831901621028, -122.4950278913481)",1471824102211
M813548,8,otc alterations permit,7/26/2017,3206,27,43,,Norton,St,,,street space,issued,7/26/2017,7/26/2017,7/26/2017,,7/26/2017,,,,,,,,1,,,,,,,,,,,,11,Outer Mission,94112,"(37.7248056861895, -122.43582950746978)",1471977154849
M813589,8,otc alterations permit,7/26/2017,1639,33,658,,06th,Av,,,street space,issued,7/26/2017,7/26/2017,7/26/2017,,7/26/2017,,,,,,,,1,,,,,,,,,,,,1,Inner Richmond,94118,"(37.77614428683018, -122.46360268723353)",1471996108029
201707273068,8,otc alterations permit,7/27/2017,1538,22,480,,07th,Av,0,,reroofing,issued,7/27/2017,7/27/2017,7/27/2017,,7/27/2017,,3,3,,,1/27/2018,16000,16000,apartments,4,apartments,4,0,,5,wood frame (5),5,wood frame (5),,1,Inner Richmond,94118,"(37.77947769592029, -122.46491920846798)",1472143397054
M814107,8,otc alterations permit,7/27/2017,649,16,1969,,California,St,,,street space,issued,7/27/2017,7/27/2017,7/27/2017,,7/27/2017,,,,,,,,1,,,,,,,,,,,,2,Pacific Heights,94109,"(37.78950980343059, -122.42664838169641)",1472159236253
M814168,8,otc alterations permit,7/27/2017,918,003D,2265,,Beach,St,,,street space,issued,7/27/2017,7/27/2017,7/27/2017,,7/27/2017,,,,,,,,1,,,,,,,,,,,,2,Marina,94123,"(37.803088182617934, -122.44633156164528)",147220684102
M814249,8,otc alterations permit,7/27/2017,1747,13,236,,Hugo,St,,,street space,issued,7/27/2017,7/27/2017,7/27/2017,,7/27/2017,,,,,,,,1,,,,,,,,,,,,5,Inner Sunset,94122,"(37.765343048003366, -122.460746612167)",1472230244383
M814307,8,otc alterations permit,7/27/2017,6505,7,838,,Diamond,St,,,street space,issued,7/27/2017,7/27/2017,7/27/2017,,7/27/2017,,,,,,,,1,,,,,,,,,,,,8,Noe Valley,94114,"(37.750594564725645, -122.43652647525641)",1472257205440
M814388,8,otc alterations permit,7/28/2017,2714,44,112,,Corwin,St,,,street space,issued,7/28/2017,7/28/2017,7/28/2017,,7/28/2017,,,,,,,,1,,,,,,,,,,,,8,Twin Peaks,94114,"(37.75762403970785, -122.44028017107473)",1472311142607
M814747,8,otc alterations permit,7/31/2017,3609,98,376,,San Carlos,St,,,sidewalk permit,issued,7/31/2017,7/31/2017,7/31/2017,,7/31/2017,,,,,,,,1,,,,,,,,,,,,9,Mission,94110,"(37.75738699487992, -122.41992370808534)",1472532161871
M814887,8,otc alterations permit,7/31/2017,762,263,601,,Van Ness,Av,726,,street space & mta parking meter,issued,7/31/2017,7/31/2017,7/31/2017,,7/31/2017,,,,,,,,1,,,,,,,,,,,,5,Western Addition,94102,"(37.78138577762911, -122.42140632801414)",147259881205
M815348,8,otc alterations permit,8/1/2017,177,22,655,,Pacific,Av,0,,street space & sidewalk repair w/mta,issued,8/1/2017,8/1/2017,8/1/2017,,8/1/2017,,,,,,,,1,,,,,,,,,,,,3,Chinatown,94133,"(37.79673343870443, -122.40610115140781)",1472830407335
M815408,8,otc alterations permit,8/1/2017,3568,73,119,,Albion,St,,,street space,issued,8/1/2017,8/1/2017,8/1/2017,,8/1/2017,,,,,,,,1,,,,,,,,,,,,8,Mission,94110,"(37.764501035211495, -122.42261096370548)",1472865428978
M815467,8,otc alterations permit,8/1/2017,2851,4,297,,Glenview,Dr,,,street space permit,issued,8/1/2017,8/1/2017,8/1/2017,,8/1/2017,,,,,,,,1,,,,,,,,,,,,8,Twin Peaks,94131,"(37.74844288496666, -122.44526030756366)",1472898145842
M815471,8,otc alterations permit,8/1/2017,2658,45,3051,,Market,St,0,,street space,issued,8/1/2017,8/1/2017,8/1/2017,,8/1/2017,,,,,,,,1,,,,,,,,,,,,8,Castro/Upper Market,94114,"(37.76087622869976, -122.44213505089589)",1472908404887
201708023634,1,new construction,8/2/2017,1094,1,2675,,Geary,Bl,,,"erect 1-story, no basement, retail and parking. (building c)",issued,2/12/2018,8/2/2017,2/12/2018,,2/12/2018,,,1,,,11/12/2021,1500000,3450000,,,retail sales,0,2,,,,1,constr type 1,Y,2,Lone Mountain/USF,94115,"(37.781833472205996, -122.4457308481205)",147295789456
201708033731,8,otc alterations permit,8/3/2017,1151,20,810,,Lyon,St,0,,replace stairs & permited deck in kind.,filed,8/3/2017,8/3/2017,,,,,4,4,,,,40000,0,apartments,3,apartments,3,2,,5,wood frame (5),5,wood frame (5),,5,Lone Mountain/USF,94115,"(37.77852988809093, -122.44330692391148)",1473110408011
M815907,8,otc alterations permit,8/3/2017,993,1,3701,,Washington,St,,,street space permit,issued,8/3/2017,8/3/2017,8/3/2017,,8/3/2017,,,,,,,,1,,,,,,,,,,,,2,Presidio Heights,94118,"(37.78880651044243, -122.4541278326236)",147312486331
M815988,8,otc alterations permit,8/3/2017,2629,21,1110,,Ashbury,St,,,street space permit,issued,8/3/2017,8/3/2017,8/3/2017,,8/3/2017,,,,,,,,1,,,,,,,,,,,,8,Haight Ashbury,94117,"(37.76292795163132, -122.4465968563894)",1473161140181
M816208,8,otc alterations permit,8/3/2017,3775,64,140,,South Park,,,,street space,issued,8/3/2017,8/3/2017,8/3/2017,,8/3/2017,,,,,,,,1,,,,,,,,,,,,6,Financial District/South Beach,94107,"(37.781457122959516, -122.39472898466143)",1473252470479
201708033844,8,otc alterations permit,8/3/2017,5467,11,3061,,San Bruno,Av,,,reroofing,issued,8/3/2017,8/3/2017,8/3/2017,,8/3/2017,,2,2,,,2/3/2018,5800,6000,1 family dwelling,1,1 family dwelling,1,0,,5,wood frame (5),5,wood frame (5),,9,Portola,94134,"(37.72293002238886, -122.4014384773809)",1473262182707
M816428,8,otc alterations permit,8/4/2017,3508,1,1355,,Market,St,,,street space,issued,8/4/2017,8/4/2017,8/4/2017,,8/4/2017,,,,,,,,1,,,,,,,,,,,,6,South of Market,94103,"(37.77674230325018, -122.41635986037679)",1473384347127
M816647,8,otc alterations permit,8/4/2017,821,73,843,C,Hayes,St,0,,street space,issued,8/4/2017,8/4/2017,8/4/2017,,8/4/2017,,,,,,,,0,,,,,,,,,,,,5,Hayes Valley,94117,"(37.775671880692904, -122.43022136710104)",1473476425694
M816689,8,otc alterations permit,8/7/2017,1370,45,104,,11th,Av,,,street space permit,issued,8/7/2017,8/7/2017,8/7/2017,,8/7/2017,,,,,,,,1,,,,,,,,,,,,1,Inner Richmond,94118,"(37.7862317278448, -122.46974144995733)",147350597181
M816788,8,otc alterations permit,8/7/2017,472,27,3350,,Octavia,St,,,street space,issued,8/7/2017,8/7/2017,8/7/2017,,8/7/2017,,,,,,,,1,,,,,,,,,,,,2,Marina,94123,"(37.80325795605083, -122.42969646999121)",1473535234391
M816947,8,otc alterations permit,8/7/2017,2623,228,4068,,17th,St,,,street space,issued,8/7/2017,8/7/2017,8/7/2017,,8/7/2017,,,,,,,,1,,,,,,,,,,,,8,Castro/Upper Market,94114,"(37.762747442729236, -122.43674793946953)",1473603500695
M817128,8,otc alterations permit,8/8/2017,150,4,1629,,Taylor,St,,,street space,issued,8/8/2017,8/8/2017,8/8/2017,,8/8/2017,,,,,,,,1,,,,,,,,,,,,3,Nob Hill,94133,"(37.79738423126324, -122.41397932696881)",147366160684
201708084155,6,demolitions,8/8/2017,3728,86,1298,,Howard,St,,,demolition of restaurant (bldg 1) at gas station.,approved,2/16/2018,8/8/2017,,,,,1,,,,,45000,45000,food/beverage hndlng,0,,,0,,5,wood frame (5),,,,6,South of Market,94103,"(37.77558396346592, -122.413028747729)",1473687359272
201708094284,8,otc alterations permit,8/9/2017,645,19,1547,,California,St,,,"remodel of kitchen cainbets only. in same location, no moving of walls, doors or windows.",issued,8/9/2017,8/9/2017,8/9/2017,,8/9/2017,,3,3,,,2/9/2018,15000,15000,apartments,4,apartments,4,0,,5,wood frame (5),5,wood frame (5),,3,Nob Hill,94109,"(37.79046519227051, -122.4197713623442)",1473840264807
M818028,8,otc alterations permit,8/10/2017,1220,2,133,,Baker,St,,,street space permit,issued,8/10/2017,8/10/2017,8/10/2017,,8/10/2017,,,,,,,,1,,,,,,,,,,,,5,Haight Ashbury,94117,"(37.77220105071008, -122.44098269235243)",147403392800
M818208,8,otc alterations permit,8/10/2017,154,4,1637,,Hyde,St,0,,street space,issued,8/10/2017,8/10/2017,8/10/2017,,8/10/2017,,,,,,,,1,,,,,,,,,,,,3,Russian Hill,94109,"(37.795890045125766, -122.41874150243979)",1474122412989
201708104500,8,otc alterations permit,8/10/2017,540,12,2188,,Green,St,,,"soft story retrofit per sfebc chapter 4d, 2016 cebc appendix a-4",issued,8/11/2017,8/10/2017,8/11/2017,,8/11/2017,,4,4,,,2/11/2018,25000,25000,apartments,8,apartments,8,2,,5,wood frame (5),5,wood frame (5),,2,Marina,94123,"(37.79641404710641, -122.43507519302477)",147414973603
M818327,8,otc alterations permit,8/10/2017,11,7,2800,,Leavenworth,St,,,street space,issued,8/24/2017,8/10/2017,8/24/2017,,8/24/2017,,,,,,,,1,,,,,,,,,,,,3,North Beach,94133,"(37.80738912319805, -122.41853873853351)",147417856169
M818368,8,otc alterations permit,8/11/2017,5285A,5,2177,,Jerrold,Av,,,street space,issued,8/11/2017,8/11/2017,8/11/2017,,8/11/2017,,,,,,,,1,,,,,,,,,,,,10,Bayview Hunters Point,94124,"(37.744080814478636, -122.40063458267244)",1474206178449
201708114578,8,otc alterations permit,8/11/2017,3517,34,1415,,Howard,St,,,title-24 lighting. ref pa #201608114810. maher na,complete,11/17/2017,8/11/2017,8/14/2017,11/17/2017,8/14/2017,,2,2,,,8/14/2018,60000,20000,residential hotel,10,school,0,2,,5,wood frame (5),5,wood frame (5),,6,South of Market,94103,"(37.77339574772141, -122.41459288052016)",1474236156582
M818747,8,otc alterations permit,8/14/2017,3147,30,4534,,Mission,St,,,street space w/mta,issued,8/14/2017,8/14/2017,8/14/2017,,8/14/2017,,,,,,,,1,,,,,,,,,,,,11,Outer Mission,94112,"(37.72545183685408, -122.43458476956798)",1474411246405
M819167,8,otc alterations permit,8/15/2017,3763,116,88,,Perry,St,,,street space permit,issued,8/15/2017,8/15/2017,8/15/2017,,8/15/2017,,,,,,,,1,,,,,,,,,,,,6,Financial District/South Beach,94107,"(37.78260292996565, -122.39671577886755)",1474563508606
M819208,8,otc alterations permit,8/15/2017,1629,39,606,,16th,Av,,,street space,issued,8/15/2017,8/15/2017,8/15/2017,,8/15/2017,,,,,,,,1,,,,,,,,,,,,1,Outer Richmond,94118,"(37.77654068131081, -122.47455095981007)",1474605107596
M819227,8,otc alterations permit,8/15/2017,6506,11,416,,Jersey,St,,,street space,issued,8/15/2017,8/15/2017,8/15/2017,,8/15/2017,,,,,,,,1,,,,,,,,,,,,8,Noe Valley,94114,"(37.750697166270804, -122.43474494640712)",1474615205492
M819807,8,otc alterations permit,8/16/2017,196,27,415,,Jackson,St,,,street space,issued,8/16/2017,8/16/2017,8/16/2017,,8/16/2017,,,,,,,,1,,,,,,,,,,,,3,Chinatown,94111,"(37.79631629207845, -122.40239121007386)",1474812501834
M820307,8,otc alterations permit,8/17/2017,514,11,2330,,Filbert,St,,,street space,issued,8/17/2017,8/17/2017,8/17/2017,,8/17/2017,,,,,,,,1,,,,,,,,,,,,2,Marina,94123,"(37.79801642192892, -122.43796960252546)",147501272583
201708185223,8,otc alterations permit,8/18/2017,4991,540,301,,Crescent,Ct,3412,,"tile replacement in vanity area and bathroom, bathroom, retile shower, and toilet replacement.",issued,8/18/2017,8/18/2017,8/18/2017,,8/18/2017,,4,4,,,12/18/2017,3000,3500,apartments,72,apartments,72,0,,5,wood frame (5),5,wood frame (5),,10,Bayview Hunters Point,94134,"(37.711199226336426, -122.38800282973878)",1475159494855
M820787,8,otc alterations permit,8/18/2017,3640,58,3045,,23rd,St,,,street space,issued,8/18/2017,8/18/2017,8/18/2017,,8/18/2017,,,,,,,,1,,,,,,,,,,,,9,Mission,94110,"(37.75397881801048, -122.41293233118827)",1475189163591
M820931,8,otc alterations permit,8/18/2017,240,16,550,,Kearny,St,,,street space,issued,8/18/2017,8/18/2017,8/18/2017,,8/18/2017,,,,,,,,1,,,,,,,,,,,,3,Financial District/South Beach,94104,"(37.79334149331904, -122.40421642472705)",1475260350373
M821027,8,otc alterations permit,8/21/2017,4228,89,1325,,Indiana,St,,,street space,issued,8/21/2017,8/21/2017,8/21/2017,,8/21/2017,,,,,,,,1,,,,,,,,,,,,10,Potrero Hill,94107,"(37.753679939812486, -122.39041477197031)",1475301488487
M821087,8,otc alterations permit,8/21/2017,5646,2,106,,Andover,St,,,street space permit,issued,8/21/2017,8/21/2017,8/21/2017,,8/21/2017,,,,,,,,1,,,,,,,,,,,,9,Bernal Heights,94110,"(37.74149173761444, -122.41650831931199)",1475340185628
M821247,8,otc alterations permit,8/21/2017,3602,36,225,,Hartford,St,0,,street space,issued,8/21/2017,8/21/2017,8/21/2017,,8/21/2017,,,,,,,,1,,,,,,,,,,,,8,Castro/Upper Market,94114,"(37.75892981138001, -122.43338302690773)",1475402404733
201708215448,3,additions alterations or repairs,8/21/2017,317,3,405,,Taylor,St,,,fabricate and install 4 new open sided awnings with loose valance.** maher: n/a **,complete,2/6/2018,8/21/2017,1/8/2018,2/6/2018,1/8/2018,,17,17,,,7/8/2018,7500,7500,tourist hotel/motel,263,tourist hotel/motel,263,2,,1,constr type 1,1,constr type 1,,6,Tenderloin,94102,"(37.786162542148716, -122.41168006925004)",1475470233807
201708235613,8,otc alterations permit,8/23/2017,1225,27,410,,Cole,St,,,soft story retrofit per sfebc chapter 4d engineering criteria 2016 cebc appendix a-4,issued,1/25/2018,8/23/2017,1/25/2018,,1/25/2018,,4,4,,,1/25/2019,30000,61000,apartments,7,apartments,7,2,,5,wood frame (5),5,wood frame (5),,5,Haight Ashbury,94117,"(37.771245032868315, -122.4503808715838)",1475697267395
201708235623,8,otc alterations permit,8/23/2017,1530,27,414,,15th,Av,,,replace damaged siding facing back yard.,complete,9/25/2017,8/23/2017,8/23/2017,9/25/2017,8/23/2017,,2,2,,,12/23/2017,4500,4500,2 family dwelling,2,2 family dwelling,2,0,,5,wood frame (5),5,wood frame (5),,1,Outer Richmond,94118,"(37.78018564242144, -122.47365194167364)",1475713103100
M822127,8,otc alterations permit,8/23/2017,6575,5,3555,,Cesar Chavez,St,,,street space,issued,8/23/2017,8/23/2017,8/23/2017,,8/23/2017,,,,,,,,1,,,,,,,,,,,,9,Bernal Heights,94110,"(37.747240193798746, -122.42109833964902)",1475726503117
M822407,8,otc alterations permit,8/23/2017,2768,19,4016,,22nd,St,,,street space permit,issued,8/23/2017,8/23/2017,8/23/2017,,8/23/2017,,,,,,,,1,,,,,,,,,,,,8,Noe Valley,94114,"(37.75450271309331, -122.43704408346183)",1475779143681
M822588,8,otc alterations permit,8/23/2017,156,015A,151,,Bernard,St,,,street space permit,issued,8/23/2017,8/23/2017,8/23/2017,,8/23/2017,,,,,,,,1,,,,,,,,,,,,3,Nob Hill,94109,"(37.7960937860448, -122.41592354412805)",147580960982
M822907,8,otc alterations permit,8/24/2017,1243,30,1375,,Haight,St,,,street space,issued,8/24/2017,8/24/2017,8/24/2017,,8/24/2017,,,,,,,,1,,,,,,,,,,,,5,Haight Ashbury,94117,"(37.770046135459225, -122.44478615705992)",147587993584
M823050,8,otc alterations permit,8/24/2017,3609,33,953,,Valencia,St,,,street space,issued,8/24/2017,8/24/2017,8/24/2017,,8/24/2017,,,,,,,,1,,,,,,,,,,,,9,Mission,94110,"(37.75765373969097, -122.42089162291704)",1475959161808
201708245818,3,additions alterations or repairs,8/24/2017,1379,34,100,,20th,Av,,,soft story retrofit per sfebc chapter 4d. engineering criteria asce 41-13.,filed,8/24/2017,8/24/2017,,,,,3,3,,,,90000,,apartments,9,apartments,9,2,,5,wood frame (5),5,wood frame (5),,1,Outer Richmond,94121,"(37.785750760119925, -122.479590916983)",147599597579
201708245826,8,otc alterations permit,8/24/2017,1923,23,1662,,21st,Av,,,recommencement and completion of work approved under pa#2013-07-31-3204,issued,8/24/2017,8/24/2017,8/24/2017,,8/24/2017,,2,2,,,2/24/2018,10000,10000,1 family dwelling,1,1 family dwelling,1,0,,5,wood frame (5),5,wood frame (5),,4,Sunset/Parkside,94122,"(37.756722563984916, -122.47846371493331)",1476010120653
M823327,8,otc alterations permit,8/24/2017,5808,13,21,,Porter,St,,,street space,issued,8/24/2017,8/24/2017,8/24/2017,,8/24/2017,,,,,,,,0,,,,,,,,,,,,9,Bernal Heights,94110,"(37.73421472454094, -122.41797883489409)",1476026188679
201708255885,8,otc alterations permit,8/25/2017,3587,056B,72,,Oakwood,St,,,replace broken windows and put in new security gate for safety reasons. building is not a historic resource (category c).,filed,8/25/2017,8/25/2017,,,,,,,,,,,,,,,,2,,,,,,,8,Mission,94110,"(37.76049276977633, -122.42520175514547)",1476091160336
M823567,8,otc alterations permit,8/25/2017,826,28,979,,Fell,St,,,street space,issued,8/25/2017,8/25/2017,8/25/2017,,8/25/2017,,,,,,,,1,,,,,,,,,,,,5,Hayes Valley,94117,"(37.77431524189093, -122.43381739803773)",1476108276189
M823787,8,otc alterations permit,8/25/2017,1184,27,1571,,Fulton,St,,,street space,issued,8/25/2017,8/25/2017,8/25/2017,,8/25/2017,,,,,,,,1,,,,,,,,,,,,5,Lone Mountain/USF,94117,"(37.776059645205706, -122.44259512509244)",147619991692
M824087,8,otc alterations permit,8/28/2017,5520,32,26,,Montezuma,St,,,street space,issued,8/28/2017,8/28/2017,8/28/2017,,8/28/2017,,,,,,,,1,,,,,,,,,,,,9,Bernal Heights,94110,"(37.74581532319371, -122.41617658515635)",1476337183350
M824167,8,otc alterations permit,8/28/2017,4102,58,547,,Texas,St,,,street space,issued,8/28/2017,8/28/2017,8/28/2017,,8/28/2017,,,,,,,,1,,,,,,,,,,,,10,Potrero Hill,94107,"(37.75945796914672, -122.3949447071409)",1476371170746
M824427,8,otc alterations permit,8/28/2017,581,11,2398,,Pacific,Av,0,,street space,issued,8/28/2017,8/28/2017,8/28/2017,,8/28/2017,,,,,,,,1,,,,,,,,,,,,2,Pacific Heights,94115,"(37.793646103363706, -122.43453336297887)",1476441304473
M824887,8,otc alterations permit,8/29/2017,826,18,949,,Fell,St,0,,street space,issued,8/29/2017,8/29/2017,8/29/2017,,8/29/2017,,,,,,,,1,,,,,,,,,,,,5,Hayes Valley,94117,"(37.774315500964754, -122.43337456827481)",1476560414042
M825087,8,otc alterations permit,8/29/2017,1417,021B,262,,17th,Av,,,street space,issued,8/29/2017,8/29/2017,8/29/2017,,8/29/2017,,,,,,,,0,,,,,,,,,,,,1,Outer Richmond,94118,"(37.78312665591635, -122.47602953471912)",147664198888
M825167,8,otc alterations permit,8/29/2017,0222A,52,1170,,Sacramento,St,14,D,street space,issued,8/29/2017,8/29/2017,8/29/2017,,8/29/2017,,,,,,,,1,,,,,,,,,,,,3,Nob Hill,94108,"(37.792930483957214, -122.41218961797485)",147666063061
201708296320,8,otc alterations permit,8/29/2017,842,3,333,,Webster,St,,,soft story retrofit per sfebc chapter 4d: 2016 cebc appendix a-4,filed,8/29/2017,8/29/2017,,,,,3,3,,,,70000,0,apartments,6,apartments,6,2,,5,wood frame (5),5,wood frame (5),,5,Hayes Valley,94117,"(37.77367223993096, -122.4294114839889)",147669382824
M825327,8,otc alterations permit,8/29/2017,2772,38,531,,Eureka,St,,,street space,issued,8/29/2017,8/29/2017,8/29/2017,,8/29/2017,,,,,,,,1,,,,,,,,,,,,8,Noe Valley,94114,"(37.753753866061246, -122.4372927189145)",1476731143872
201708306373,8,otc alterations permit,8/30/2017,6516,24,3333,,24th,St,0,,"mandatory soft story retrofit per s.f. ordinance chapter 4d, 2016 cebc appendix a-4. n/a maher ordinance",filed,8/30/2017,8/30/2017,,,,,3,3,,,,30000,43500,apartments,6,apartments,6,2,,5,wood frame (5),5,wood frame (5),,9,Mission,94110,"(37.75195792326895, -122.41927212355164)",1476758399098
M825427,8,otc alterations permit,8/30/2017,189,21,1125,,Jackson,St,,,street space,issued,8/30/2017,8/30/2017,8/30/2017,,8/30/2017,,,,,,,,0,,,,,,,,,,,,3,Nob Hill,94108,"(37.79498627214074, -122.41361242808992)",1476790276588
M825487,8,otc alterations permit,8/30/2017,1688,10,851,,45th,Av,,,street space,issued,8/30/2017,8/30/2017,8/30/2017,,8/30/2017,,,,,,,,0,,,,,,,,,,,,1,Outer Richmond,94121,"(37.77247449528759, -122.50601053030351)",1476806110324
201708306410,3,additions alterations or repairs,8/30/2017,2779,1,800,,Corbett,Av,,,"compliance w/ mandatory soft story retrofit program, cebc 2016 app. a-4. sfebc 2016 chp. 4d.",approved,12/13/2017,8/30/2017,,,,,4,4,,,,50000,93000,apartments,7,apartments,7,2,,5,wood frame (5),5,wood frame (5),,8,Twin Peaks,94131,"(37.75400173601682, -122.44337939283498)",1476815144011
M825707,8,otc alterations permit,8/30/2017,499,002B,1320,,Lombard,St,,,street space,issued,8/30/2017,8/30/2017,8/30/2017,,8/30/2017,,,,,,,,0,,,,,,,,,,,,2,Russian Hill,94109,"(37.80173711253871, -122.42330109369419)",147685572033
M825787,8,otc alterations permit,8/30/2017,0436C,38,3770,,Fillmore,St,,,street space,issued,8/30/2017,8/30/2017,8/30/2017,,8/30/2017,,,,,,,,1,,,,,,,,,,,,2,Marina,94123,"(37.80592744430151, -122.4369387511745)",1476871495375
M825887,8,otc alterations permit,8/30/2017,945,7,2516,,Union,St,,,street space,filed,8/30/2017,8/30/2017,,,,,,,,,,,1,,,,,,,,,,,,2,Marina,94123,"(37.79667082452828, -122.44103045743849)",147691884956
M826607,8,otc alterations permit,8/31/2017,1454,022F,396,,23rd,Av,,,street space,issued,8/31/2017,8/31/2017,8/31/2017,,8/31/2017,,,,,,,,0,,,,,,,,,,,,1,Outer Richmond,94121,"(37.780466837572774, -122.48243362907256)",1477123387285
M826867,8,otc alterations permit,9/1/2017,4103,105,577,,Mississippi,St,,,street space,issued,9/1/2017,9/1/2017,9/1/2017,,9/1/2017,,,,,,,,1,,,,,,,,,,,,10,Potrero Hill,94107,"(37.75908497826554, -122.39393677953211)",1477214458842
201709016792,3,additions alterations or repairs,9/1/2017,7104,40,139,,Lobos,St,,,horizontal & vertical addition,filed,9/1/2017,9/1/2017,,,,Y,2,2,,,,400000,,1 family dwelling,1,1 family dwelling,1,2,,5,wood frame (5),5,wood frame (5),Y,11,Oceanview/Merced/Ingleside,94112,"(37.71466591040003, -122.45725020868305)",1477315221686